{"cameraMode":{"drawMode":0,"name":"Shaded","section":"Shading Mode"},"sceneLighting":false,"audioPlay":false,"sceneViewState":{"showFog":true,"showMaterialUpdate":false,"showSkybox":false,"showFlares":true,"showImageEffects":true,"showParticleSystems":true,"showVisualEffectGraphs":true,"m_FxEnabled":true},"in2DMode":false,"pivot":{"x":-0.3134995996952057,"y":1.1418406963348389,"z":0.35394394397735598},"rotation":{"x":-0.04351305216550827,"y":-0.7525334358215332,"z":0.049973104149103168,"w":-0.6552326679229736},"size":0.9154874682426453,"orthographic":false}